customer_name,order_id
Amanda Johnson,2
Mark Johnson,2
Robert Anderson,2
Robert Reyes,2
Alan Weber,1
Aaron Cameron,1
Aaron Mccormick,1
Aaron Moore,1
Abigail Johnson,1
Adam Baker,1
Adam Barton,1
Adam Guzman,1
Adam Ramos,1
Adam Roberson,1
Adam Rodriguez,1
Adam Sanchez,1
Adam Wright,1
Adrian Cruz,1
Adrian Williamson,1
Alan Webb,1
Walter Nunez,1
Alejandra Wood,1
Alex Mclaughlin,1
Alexa Contreras,1
Alexander Keith,1
Alexis Webb,1
Alicia Black,1
Allison Frazier,1
Allison Phillips,1
Allison Sims,1
Allison Wong,1
Alyssa Smith,1
Amanda Baker,1
Amanda Ewing,1
Amanda Franklin,1
Amanda Hopkins,1
Amanda Reese,1
Amanda Willis,1
Amber Herman,1
Amber Hernandez,1
Amber Ortiz,1
Amber Payne,1
Amy Ayala,1
Amy Bradley,1
Amy Cruz,1
Amy Gross,1
Amy Phillips,1
Andre Harris,1
Andrea Estrada,1
Andrea King,1
Andrea Pennington,1
Andrea Wilcox,1
Andrew George,1
Andrew Haas,1
Andrew Horn,1
Andrew Martinez,1
Andrew Scott,1
Andrew Wilkerson,1
Angela Cabrera,1
Angela Dawson,1
Angela Fox,1
Angela Haney,1
Angela Jones,1
Angela Townsend DDS,1
Anita Gonzalez,1
Ann Grimes,1
Ann Smith,1
Ann Taylor,1
Anna Adams,1
Anna Brewer,1
Anna Lewis,1
Anne Gonzalez,1
Anne Lyons,1
Annette Carpenter,1
Anthony Arnold,1
Anthony Cole,1
Anthony Collins,1
Anthony Holmes,1
Anthony Huff,1
Anthony Kirby,1
Anthony Leonard,1
Anthony Marquez,1
Anthony Peters,1
Anthony Turner,1
Anthony Wilson,1
Anthony Wright,1
Antonio Gay,1
Antonio Perkins,1
Antonio Thompson,1
April Fowler,1
April Moore,1
April Ross,1
Ariana Wells,1
Ashley Glover,1
Ashley Griffin,1
Ashley Jones,1
Ashley Mitchell,1
Ashley Pruitt,1
Ashley Rodgers,1
Ashley Wilson,1
Austin Harrison,1
Austin Meyer,1
Austin Parker,1
Autumn Gillespie,1
Bailey Wilson,1
Barbara Mcdonald,1
Barbara Smith,1
Benjamin Johnson,1
Benjamin Martinez,1
Benjamin Roberts,1
Benjamin Rogers,1
Benjamin Smith,1
Bethany Walker,1
Betty Moore,1
Beverly Garcia,1
Beverly Khan,1
Beverly Palmer,1
Billy Cross,1
Billy Fox,1
Billy Guerrero,1
Bobby Spears,1
Bradley Jones,1
Bradley Norman,1
Bradley Steele,1
Bradley Tran,1
Brandi Austin,1
Brandon Herring,1
Brandon Key,1
Brandon Marshall,1
Brandon Moore,1
Brandon Padilla,1
Brandon Phillips,1
Brandon Taylor,1
Brandon White,1
Brandy Roach,1
Brenda Brown,1
Brenda Grant,1
Brenda Mcintyre,1
Brenda Neal,1
Brenda Proctor,1
Brenda Rios,1
Brenda Smith,1
Brenda Trujillo,1
Brett Orozco,1
Brian Bowen,1
Brian Walters,1
Brianna Hart,1
Brittany Montgomery,1
Brittany Morgan,1
Brooke Gill,1
Brooke Watkins,1
Bryan Garner,1
Bryan Moore,1
Calvin Cervantes,1
Carol Gonzalez,1
Carol Miller,1
Carolyn Brown,1
Carolyn Castro,1
Carolyn Cook,1
Carrie Morton,1
Casey Evans,1
Casey Flynn,1
Cassandra Roth,1
Catherine Bailey,1
Catherine King,1
Catherine Owens,1
Catherine Raymond,1
Catherine Tanner,1
Cathy Sherman,1
Chad Gray,1
Chad Hogan,1
Chad Martin,1
Chad Moreno,1
Charles Davis,1
Charles Flores,1
Charles Taylor,1
Charlotte Carlson,1
Charlotte Lopez,1
Chelsea Guzman,1
Cheyenne Elliott,1
Christian Benitez,1
Christina Carter,1
Christina Hall,1
Christina Harvey,1
Christina Johnson,1
Christina Miller,1
Christina Shaffer,1
Christina Williams,1
Christine Garcia,1
Christine Greene,1
Christine Randolph,1
Christine Turner,1
Christine Wall,1
Christine Williams,1
Christopher Bell,1
Christopher Bennett,1
Christopher Brandt,1
Christopher Brewer,1
Christopher Harris,1
Christopher Hobbs,1
Christopher Hopkins,1
Christopher Howard,1
Christopher Jensen,1
Christopher Lee,1
Christopher Meyer,1
Christopher Miller,1
Christopher Mills,1
Christopher Moore,1
Christopher Morris,1
Christopher Rice,1
Christopher Rodriguez,1
Christopher Webb,1
Christopher Williams,1
Claire Summers,1
Claudia White,1
Cody Taylor,1
Cody Williams,1
Colleen Johnson,1
Connie Buchanan,1
Connor Green,1
Courtney Carter PhD,1
Courtney Ellis,1
Courtney Leon,1
Courtney Thomas,1
Craig Gilbert,1
Craig Lopez,1
Crystal Adams,1
Cynthia Dunlap,1
Dale Farley,1
Dalton Murphy,1
Damon Aguilar,1
Dan Calhoun,1
Daniel Alexander,1
Daniel Allen,1
Daniel Ashley,1
Daniel Conrad,1
Daniel Davidson,1
Daniel Davis,1
Daniel Frazier,1
Daniel Garza,1
Daniel Gross,1
Daniel Martinez,1
Daniel Smith,1
Danielle Griffin,1
Danielle Jackson,1
Danny Mann,1
Danny Roberson,1
Danny Silva,1
David Ferguson,1
David Flores,1
David Fuller,1
David Green,1
David Harmon,1
David Keller MD,1
David Melton,1
David Miller,1
David Mills,1
David Moore,1
David Murphy,1
David Riley,1
David Ritter,1
David Robinson,1
David Schneider,1
David Thomas,1
David Wallace,1
David Wells,1
Dawn Dean,1
Dawn Peterson,1
Dawn Richardson,1
Deanna Cole,1
Deborah Lawson,1
Deborah Mcknight,1
Deborah Mitchell,1
Deborah Rodriguez,1
Deborah Sanchez,1
Debra Faulkner,1
Debra Harrell,1
Debra Hopkins,1
Debra Smith,1
Denise Nicholson,1
Denise Solomon,1
Dennis Gill,1
Dennis Lopez,1
Derek Beltran,1
Derek Drake,1
Derek Mcintyre,1
Derrick Gillespie,1
Derrick Henry,1
Derrick Jones,1
Derrick Stewart,1
Devin Santiago,1
Diana Good,1
Diana Myers,1
Diane Chavez,1
Don Williams,1
Donald Jones,1
Donald Michael,1
Donna Ramirez,1
Donna Reid,1
Doris Williams,1
Dr. Andrew Brown,1
Dr. Anne Castro DVM,1
Dr. Chad Morris,1
Dr. John Elliott,1
Dr. Lynn Smith,1
Dr. Rachel Cameron,1
Drew Lee,1
Duane Lee,1
Dustin Anderson,1
Dustin Torres,1
Dylan Crawford,1
Eddie Jenkins,1
Eddie Meyer,1
Eddie Miller,1
Eddie Morse,1
Edward Gonzalez,1
Edward Williams,1
Edwin Roy,1
Elizabeth Ayers,1
Elizabeth Bryant,1
Elizabeth Gomez,1
Elizabeth Johnson,1
Elizabeth Perez,1
Elizabeth Reed,1
Elizabeth Wiggins,1
Elizabeth Wilson,1
Ellen Ford,1
Emily Gonzales,1
Emily Lambert,1
Emma Mcpherson,1
Eric Barker,1
Eric Boyd,1
Eric Craig,1
Eric French,1
Eric Krueger,1
Eric Perez,1
Eric Phillips,1
Eric Washington,1
Erica Deleon,1
Erik Torres,1
Erika Colon,1
Erika Gonzalez,1
Erin Morris,1
Erin Terrell,1
Eugene Kirk,1
Felicia Gutierrez,1
Felicia Mcgee,1
Francisco Olson,1
Frank Wood,1
Frank Zimmerman,1
Frederick Salas,1
Garrett Arellano,1
Gary Brown,1
Gary Nguyen,1
George Castillo,1
George Chang,1
George Davis,1
George Lee,1
George Long,1
George Mclaughlin,1
Gerald Mckenzie,1
Gina Jimenez,1
Gina Johnson,1
Glenn Smith,1
Gordon Anderson,1
Gregory Black,1
Gregory Leblanc,1
Gregory Martinez,1
Guy Robertson,1
Hailey Porter,1
Haley King,1
Hannah Osborne,1
Hannah Schroeder,1
Hannah Todd,1
Hannah White,1
Heather Barnes,1
Heather Henry,1
Heather Horton,1
Heather Roth,1
Heidi Jones,1
Henry Jackson,1
Holly Brown,1
Holly Davidson,1
Holly Li,1
Ian Jones,1
Jackie Morton,1
Jacob Flores,1
Jacob Thompson,1
Jade Miller,1
James Anderson,1
James Bennett,1
James Brown,1
James Franco,1
James Hahn,1
James Harrison,1
James Hawkins,1
James Johns,1
James Kent,1
James Morgan MD,1
James Powell,1
James Reynolds,1
James Roy,1
James Shepherd,1
Jamie Palmer,1
Janice Camacho,1
Janice Robbins,1
Janice Wilson,1
Jared Ball,1
Jared Clark,1
Jasmin Turner,1
Jasmine Tran,1
Jason Garcia,1
Jason Gomez,1
Jason Johnson,1
Jason Kane,1
Jason Martinez,1
Jason Pope,1
Jason Smith Jr.,1
Jason Torres,1
Jason Washington,1
Jeff Carpenter,1
Jeff Weber,1
Jeffery Anderson,1
Jeffery Davis,1
Jeffrey Burns,1
Jeffrey Davis MD,1
Jeffrey Kim,1
Jeffrey Reese,1
Jenna Huber,1
Jennifer Bruce,1
Jennifer Carroll,1
Jennifer Frazier,1
Jennifer Hardy,1
Jennifer Montgomery,1
Jennifer Peters,1
Jennifer Scott,1
Jennifer Wells,1
Jennifer Williams,1
Jenny Barber,1
Jeremy Garcia,1
Jermaine Barrett,1
Jerry Martinez,1
Jerry Pitts,1
Jerry Vaughn,1
Jesse Garcia,1
Jessica Calderon,1
Jessica Carroll,1
Jessica Jones,1
Jessica York,1
Jesus Garner,1
Jesus Peterson,1
Jesus Rodriguez,1
Jesus Rosario,1
Jill Mccullough,1
Jimmy Fletcher,1
Joanne Pineda,1
Joe Hamilton,1
Joe Lee,1
John Bates,1
John Black,1
John Burns,1
John Clark,1
John Duncan,1
John Durham,1
John Green,1
John Jenkins,1
John Marquez,1
John Marsh,1
John Peterson,1
John Sanders,1
John Smith,1
John Thompson,1
John Wagner,1
Johnny Potter,1
Jonathan Eaton,1
Jonathan Gardner,1
Jordan Lynch,1
Jordan Nielsen,1
Jose Harrison,1
Jose Taylor,1
Joseph Cortez,1
Joseph Farley,1
Joseph Greene,1
Joseph Jefferson,1
Joseph Marks,1
Joseph Murray,1
Joseph Roberts,1
Joseph Shaw,1
Joshua Copeland,1
Joshua Hall,1
Joshua Kennedy,1
Joshua Leon,1
Joshua May,1
Joshua Tucker,1
Juan Jones,1
Juan Sanders,1
Judith Owens,1
Judy Thomas,1
Julian Nguyen,1
Julian Rodriguez,1
Julie Cooper,1
Julie Dixon,1
Justin Fry,1
Justin Howard,1
Justin Park,1
Justin Smith,1
Justin Spears,1
Justin Steele,1
Kara Davis,1
Karen Friedman,1
Karen Gibbs,1
Karen Gregory,1
Karen Kerr,1
Karen Martinez,1
Karen Mcintyre,1
Karen Mitchell,1
Karen Ortiz,1
Karen Vaughan,1
Katherine Williams,1
Katherine Wilson,1
Kathleen Harris,1
Kathleen Hinton,1
Kathleen Smith,1
Kathleen Walker,1
Kathleen Waters,1
Kathleen Williams,1
Kathryn Alvarez,1
Kathryn Wilson,1
Katie Gallegos,1
Katie Jennings,1
Kayla Bell,1
Kayla Johnson,1
Kaylee Ayers,1
Kelly Avila,1
Kelly Blair,1
Kelly French,1
Kelly Green,1
Kelly Greene,1
Kelly Johnson,1
Kelly Krueger,1
Kelly Wright,1
Kelsey White,1
Kendra Mason,1
Kenneth Allen,1
Kenneth Fisher DVM,1
Kenneth Monroe,1
Kenneth Williams,1
Kevin Bell,1
Kevin Booker,1
Kevin Chaney,1
Kevin Graham,1
Kevin Phillips,1
Kimberly Allen,1
Kimberly Bowers,1
Kimberly Cantu,1
Kimberly Daniels,1
Kimberly Hicks,1
Kimberly Holland,1
Kimberly Johnson,1
Kimberly Kirby,1
Kimberly Mitchell,1
Kimberly Wells,1
Krista Ellis,1
Kristie Barrera,1
Kristin Hancock,1
Kristina Hunt,1
Kristina Whitaker,1
Kristy Miller,1
Kristy Robles,1
Kyle Carter,1
Kyle Martinez,1
Kyle Sparks,1
Kyle Watkins,1
Kyle Yates,1
Larry Harvey,1
Larry Wright,1
Laura Campbell,1
Laura Duncan,1
Laura Hill,1
Laura Mccann,1
Laura Randolph,1
Laura Roberson,1
Laura Simmons,1
Laura Smith,1
Lauren Adams,1
Lauren Gonzalez,1
Lauren Hicks,1
Lauren Logan,1
Laurie Freeman,1
Lee Shaw,1
Linda Casey,1
Linda Nichols,1
Linda Schwartz,1
Linda Wood,1
Lindsay Brown,1
Lindsay Garner,1
Lindsay Reilly,1
Lindsey Cox,1
Lindsey Peterson,1
Lindsey Wiggins,1
Lisa Arias,1
Lisa Patterson,1
Lisa Thomas,1
Lori Fernandez,1
Lori Ortiz,1
Lori Walker,1
Lorraine Mckenzie,1
Lorraine Smith,1
Louis Everett,1
Louis Lopez,1
Louis Wang,1
Luis Saunders,1
Luke Fox,1
Lydia Nelson,1
Madison Crosby,1
Madison Hughes,1
Manuel Smith,1
Marcus Banks,1
Marcus Miller,1
Margaret Clark,1
Margaret Newton MD,1
Margaret Tate,1
Maria Coleman,1
Maria Cowan,1
Maria Hicks,1
Marie Cochran,1
Marie Keller,1
Marie Walsh,1
Marilyn Rangel,1
Mark Brown,1
Mark Cannon MD,1
Mark Gutierrez,1
Aaron Edwards,1
Martha Butler,1
Martin Campbell,1
Martin Holmes,1
Martin Jones,1
Martin Lee,1
Mary Flores,1
Mary Johnson,1
Mary Lyons,1
Mary Mitchell,1
Mary Reyes,1
Mary Taylor,1
Matthew Jones,1
Matthew Nelson,1
Matthew Palmer,1
Matthew Perez,1
Matthew Richardson Jr.,1
Matthew Rodriguez,1
Matthew Ruiz,1
Matthew Thomas,1
Maurice Malone,1
Mckenzie Sweeney,1
Megan Ellis,1
Megan Hobbs,1
Meghan Garrett,1
Melanie Fields,1
Melanie Figueroa,1
Melissa Contreras,1
Melissa King,1
Melissa Nunez,1
Melissa Rollins,1
Melissa Warren,1
Michael Barrett,1
Michael Bernard,1
Michael Contreras,1
Michael Davis,1
Michael Gordon,1
Michael Greer,1
Michael Hale,1
Michael Jones,1
Michael Lambert,1
Michael Lopez,1
Michael Mcdonald,1
Michael Meza,1
Michael Miller,1
Michael Perry,1
Michael Pugh,1
Michael Reyes,1
Michael Rios,1
Michael Robinson,1
Michael Thomas,1
Michael Vaughn,1
Michael Webster,1
Michael Wells,1
Michael White,1
Michael Zamora,1
Michele Green,1
Michele Mcknight,1
Michelle Brown,1
Michelle Dunn,1
Michelle Gonzales,1
Michelle Howard,1
Michelle Hughes,1
Michelle Johnson,1
Michelle Jones,1
Michelle Powell,1
Michelle Rodriguez,1
Michelle Taylor,1
Michelle Wright,1
Miranda Roach,1
Misty Miller,1
Misty Walters,1
Molly Rosario,1
Monica Chen,1
Monica Graham,1
Monica Hernandez,1
Monica Jones,1
Monica Moore,1
Monica Navarro,1
Mr. Andrew Kelley,1
Mr. Joseph Young,1
Mr. Nicholas Leonard,1
Mr. Paul Alvarez,1
Mr. Richard Montgomery,1
Mr. William Burton,1
Mrs. Amy Molina,1
Mrs. Angela Washington,1
Mrs. Cindy Jones DDS,1
Mrs. Frances Anderson,1
Mrs. Jaime Palmer,1
Mrs. Kristine Holt,1
Mrs. Laura Holt,1
Mrs. Monique Hernandez,1
Mrs. Patricia Andrews,1
Mrs. Tamara Gonzales,1
Ms. Cynthia Graham,1
Ms. Jennifer Johnson MD,1
Ms. Laura Kennedy DDS,1
Nancy Faulkner,1
Nancy Hampton,1
Natalie Harris,1
Natalie Mccormick,1
Natalie Parsons,1
Natasha Brown,1
Nathan Mclaughlin,1
Nathaniel Johnston,1
Nathaniel Nguyen,1
Nicholas Henry,1
Nicole Kim,1
Nicole Ortiz,1
Olivia Livingston,1
Oscar Miller,1
Pamela Hickman,1
Pamela Mason,1
Pamela Norris,1
Pamela Weaver,1
Patricia Dixon,1
Patricia Harding,1
Patricia Roach,1
Patricia Sanchez,1
Patrick Barnett,1
Patrick Cuevas,1
Patrick Johnson,1
Patrick Rodriguez,1
Patrick Williams,1
Paul Jefferson,1
Paul Johnson,1
Paul Jones,1
Paul Pittman,1
Paul Rodgers,1
Paul Roman,1
Paul Stewart,1
Paul White,1
Paula Mora,1
Peter Ford,1
Peter Lara,1
Philip Woodard,1
Phillip Ingram,1
Phillip Newman,1
Priscilla Travis,1
Rachel Alvarez,1
Rachel Ho,1
Rachel Macias,1
Rachel Stephenson MD,1
Randall Hart,1
Randy Fischer,1
Randy Griffith,1
Randy Nunez,1
Ray Davis,1
Raymond Robertson,1
Raymond White,1
Rebecca Davies,1
Rebecca Irwin,1
Rebecca Romero,1
Rebecca Sullivan,1
Rebecca Taylor,1
Regina Gordon,1
Renee Wall,1
Rhonda Jackson,1
Rhonda Trujillo,1
Rhonda Webb,1
Richard Carter,1
Richard Garza,1
Richard Lee,1
Richard Robinson,1
Ricky Moore,1
Riley Smith,1
Aaron Henry,1
Robert Brown,1
Robert Coffey,1
Robert Fernandez,1
Robert Garcia,1
Robert Harding,1
Robert Jackson,1
Robert Miller,1
Robert Owens,1
Robert Peck,1
Vanessa Parker,1
Robert Winters,1
Robin Burke,1
Robin Fisher,1
Robin Hoover,1
Robin Russell,1
Robin Walker,1
Ronald Farmer,1
Ronald Roy,1
Ronald Smith,1
Roy Berger,1
Ruth Cunningham,1
Ruth Khan,1
Ryan Clark,1
Ryan Everett,1
Ryan Green,1
Ryan Love,1
Ryan Miller,1
Ryan Swanson,1
Ryan Thomas,1
Sabrina Greer,1
Samantha Baker,1
Samantha Braun,1
Samantha Jackson,1
Samantha Murphy,1
Samantha Sharp,1
Samuel Rodriguez,1
Sandra Chambers,1
Sandra Haley,1
Sandra Henderson,1
Sandra Hernandez,1
Sandra Morales PhD,1
Sara Mitchell,1
Sara Scott,1
Sarah Beard,1
Sarah Brooks,1
Sarah Bryan,1
Sarah Cohen,1
Sarah Coleman,1
Sarah Cooper,1
Sarah George,1
Sarah Hall,1
Sarah Johnson,1
Sarah Meyer,1
Sarah Rose,1
Sarah Torres,1
Savannah Huang,1
Savannah Nelson,1
Savannah Ward,1
Scott Bell,1
Scott Ford,1
Scott Stephens,1
Scott Tapia,1
Scott Williams,1
Scott Wu,1
Sean Rios,1
Shane Greer,1
Shane Walters,1
Shannon Nelson,1
Shannon Robinson,1
Shari Mendez,1
Sharon Lane,1
Shaun Underwood,1
Shawn Howell,1
Sheila Brooks,1
Shelby Erickson,1
Shelby Strickland,1
Shelby Thompson,1
Shelly Mason,1
Shelly Schroeder,1
Sheri Nelson,1
Sherry Martinez,1
Sheryl Miles,1
Sophia Berry,1
Stacey Green,1
Stacey Roberts,1
Stephanie Curtis,1
Stephanie Dixon,1
Stephanie Francis,1
Stephanie Gonzalez,1
Stephanie Gutierrez MD,1
Stephanie James,1
Stephanie Mcdowell,1
Stephanie Rodriguez,1
Stephanie Ross,1
Stephanie Silva,1
Stephen Gonzalez,1
Stephen Johnson,1
Stephen Steele,1
Stephen Thomas,1
Steven Gibson,1
Steven Holland,1
Steven Miller,1
Steven Owens,1
Steven Wood,1
Summer Obrien,1
Susan James,1
Susan Robertson,1
Suzanne Dennis,1
Tamara Anderson,1
Tamara Weiss,1
Tami Castillo,1
Tanya Mcbride,1
Tara Parker,1
Tara Wright,1
Tasha Schmitt,1
Taylor Reid,1
Taylor Smith,1
Taylor Thompson,1
Teresa Jones,1
Teresa Stewart,1
Teresa West,1
Teresa Williams,1
Terri Gonzalez,1
Terry Brown,1
Terry Daniels,1
Terry Spencer,1
Theresa Conway,1
Theresa Parks,1
Thomas Bennett,1
Thomas Davis,1
Thomas Garcia,1
Thomas Turner,1
Tiffany Huynh,1
Tiffany Martinez,1
Tiffany Rowe,1
Tim Johnson,1
Timothy Lopez,1
Timothy Martinez,1
Timothy Robinson,1
Timothy Sanchez,1
Timothy Wilson,1
Tina Smith,1
Todd Carter,1
Tommy Gray,1
Tony Rodriguez,1
Tracey Diaz,1
Tracey Torres,1
Tracy Graham,1
Tracy Simmons,1
Travis Gonzalez,1
Travis Suarez,1
Travis Wiggins,1
Trevor Franklin,1
Tristan Myers,1
Troy Gibson,1
Troy Torres,1
Tyler Gray,1
Tyler Jenkins,1
Tyler Long,1
Tyler Webb,1
Valerie Mooney,1
Valerie Thomas,1
Vanessa Collins,1
Vanessa Le,1
Warren Beck,1
Vanessa Turner,1
Veronica Benson,1
Veronica White,1
Vicki Patterson,1
Vickie Hunter,1
Victor Brown,1
Victoria Bell,1
Victoria Berry,1
Victoria Mccoy,1
Victoria Ruiz,1
Victoria Young,1
Vincent Mendoza,1
Vincent Weeks,1
Virginia Mcfarland,1
Zachary Vega,1
Aaron House,1
Wendy Bartlett,1
Wesley Jackson,1
Wesley Whitaker,1
William Johnson,1
William Mack,1
William Pace,1
William Richard,1
William Smith,1
William Williams,1
Willie Bradley,1
Yesenia Cuevas,1
Yolanda Wilson,1
Yvette Martinez,1
Zachary Johnson,1
Aaron Dodson,1
